{"stats":{"minecraft:used":{"minecraft:dirt":1,"minecraft:crafting_table":1,"minecraft:oak_sapling":1,"minecraft:wooden_pickaxe":5,"minecraft:snowball":5},"minecraft:crafted":{"minecraft:oak_planks":32,"minecraft:crafting_table":1,"minecraft:stick":8,"minecraft:wooden_pickaxe":1},"minecraft:mined":{"minecraft:smithing_table":1,"minecraft:blast_furnace":1,"minecraft:grass_block":2,"minecraft:oak_log":8,"minecraft:white_bed":1,"minecraft:furnace":1,"minecraft:oak_leaves":4,"minecraft:crafting_table":1},"minecraft:custom":{"minecraft:time_since_rest":3445,"minecraft:open_chest":2,"minecraft:interact_with_furnace":1,"minecraft:play_time":5856,"minecraft:sprint_one_cm":25986,"minecraft:walk_one_cm":4898,"minecraft:sneak_time":8,"minecraft:jump":156,"minecraft:leave_game":1,"minecraft:time_since_death":5856,"minecraft:sleep_in_bed":1,"minecraft:total_world_time":5856,"minecraft:fall_one_cm":4238,"minecraft:interact_with_crafting_table":1,"minecraft:fly_one_cm":58213},"minecraft:picked_up":{"minecraft:crafting_table":1,"minecraft:smithing_table":1,"minecraft:oak_log":8,"minecraft:blast_furnace":1,"minecraft:white_bed":1,"minecraft:oak_sapling":1,"minecraft:dirt":1,"minecraft:furnace":1}},"DataVersion":3955}