{"stats":{"minecraft:used":{"minecraft:stone_axe":12,"minecraft:crafting_table":1,"minecraft:stone_pickaxe":70,"minecraft:wooden_pickaxe":3},"minecraft:picked_up":{"minecraft:crafting_table":1,"minecraft:rabbit_hide":1,"minecraft:rabbit":1,"minecraft:spruce_log":13,"minecraft:coal":38,"minecraft:blue_bed":2,"minecraft:cobblestone":34},"minecraft:custom":{"minecraft:time_since_rest":7603,"minecraft:open_chest":3,"minecraft:crouch_one_cm":11720,"minecraft:play_time":7603,"minecraft:sprint_one_cm":26181,"minecraft:damage_taken":50,"minecraft:walk_one_cm":8949,"minecraft:sneak_time":2544,"minecraft:jump":199,"minecraft:leave_game":1,"minecraft:time_since_death":7603,"minecraft:total_world_time":7603,"minecraft:interact_with_crafting_table":3,"minecraft:fall_one_cm":5705,"minecraft:fly_one_cm":56697},"minecraft:crafted":{"minecraft:furnace":1,"minecraft:stone_axe":1,"minecraft:crafting_table":1,"minecraft:spruce_planks":12,"minecraft:stick":8,"minecraft:stone_pickaxe":1,"minecraft:wooden_pickaxe":1},"minecraft:mined":{"minecraft:coal_ore":38,"minecraft:spruce_log":14,"minecraft:stone":35,"minecraft:crafting_table":1,"minecraft:blue_bed":2}},"DataVersion":3955}