{"stats":{"minecraft:used":{"minecraft:stone_sword":5,"minecraft:spruce_planks":3,"minecraft:wooden_pickaxe":21,"minecraft:gravel":1,"minecraft:stone_axe":4,"minecraft:dirt":4,"minecraft:crafting_table":1},"minecraft:picked_up":{"minecraft:stick":1,"minecraft:crafting_table":2,"minecraft:wooden_pickaxe":1,"minecraft:gravel":1,"minecraft:oak_log":5,"minecraft:stripped_spruce_log":2,"minecraft:dirt":4,"minecraft:stone_sword":1,"minecraft:stone_axe":1,"minecraft:spruce_planks":5,"minecraft:stone_pickaxe":1,"minecraft:oak_planks":9,"minecraft:cobblestone":16,"minecraft:furnace":1},"minecraft:custom":{"minecraft:time_since_rest":5055,"minecraft:sprint_one_cm":10298,"minecraft:damage_taken":466,"minecraft:walk_one_cm":3448,"minecraft:damage_dealt":225,"minecraft:fly_one_cm":18309,"minecraft:interact_with_crafting_table":2,"minecraft:crouch_one_cm":75,"minecraft:play_time":8419,"minecraft:deaths":2,"minecraft:sneak_time":66,"minecraft:jump":61,"minecraft:leave_game":2,"minecraft:time_since_death":4757,"minecraft:total_world_time":8419,"minecraft:fall_one_cm":2351},"minecraft:crafted":{"minecraft:oak_planks":20,"minecraft:crafting_table":1,"minecraft:spruce_planks":8,"minecraft:stick":8,"minecraft:wooden_pickaxe":1,"minecraft:stone_pickaxe":1,"minecraft:stone_sword":1,"minecraft:furnace":1,"minecraft:stone_axe":1},"minecraft:mined":{"minecraft:stripped_spruce_log":2,"minecraft:crafting_table":1,"minecraft:grass_block":1,"minecraft:oak_log":5,"minecraft:gravel":1,"minecraft:dirt":3,"minecraft:stone":16},"minecraft:killed_by":{"minecraft:iron_golem":1,"minecraft:player":1}},"DataVersion":3955}