{"stats":{"minecraft:used":{"minecraft:dirt":1},"minecraft:picked_up":{"minecraft:stick":1,"minecraft:leather":2,"minecraft:beef":3,"minecraft:oak_sapling":3,"minecraft:sugar_cane":11,"minecraft:dirt":1},"minecraft:killed":{"minecraft:cow":1},"minecraft:custom":{"minecraft:time_since_rest":4456,"minecraft:open_chest":2,"minecraft:crouch_one_cm":24,"minecraft:play_time":4456,"minecraft:sprint_one_cm":18699,"minecraft:walk_one_cm":8976,"minecraft:sneak_time":16,"minecraft:mob_kills":1,"minecraft:jump":102,"minecraft:damage_dealt":363,"minecraft:leave_game":1,"minecraft:time_since_death":4456,"minecraft:total_world_time":4456,"minecraft:player_kills":1,"minecraft:fall_one_cm":1941,"minecraft:fly_one_cm":22773},"minecraft:mined":{"minecraft:grass_block":1,"minecraft:sugar_cane":2}},"DataVersion":3955}